"('chevrolet', 'blazer lt', '2020', '11960', 'gasoline', 'automatic', 'other', '6', '', 'blue', 'chevrolet', 'blazer', '2020', '', 'gasoline', 'automatic', 'suv', '6', 'awd', 'blue')",1,1
"('chevrolet', 'blazer lt', '2020', '11960', 'gasoline', 'automatic', 'other', '6', '', 'blue', 'chevrolet', 'blazer', '2020', '', 'gasoline', 'automatic', 'suv', '6', 'awd', 'blue')",1,1
"('chevrolet', 'blazer lt', '2020', '11960', 'gasoline', 'automatic', 'other', '6', '', 'blue', 'chevrolet', 'blazer', '2020', '', 'gasoline', 'automatic', 'suv', '6', 'awd', 'blue')",1,1
"('chevrolet', 'blazer lt', '2020', '11960', 'gasoline', 'automatic', 'other', '6', '', 'blue', 'chevrolet', 'blazer', '2020', '', 'gasoline', 'automatic', 'suv', '6', 'awd', 'blue')",1,1
"('chevrolet', 'blazer lt', '2020', '11960', 'gasoline', 'automatic', 'other', '6', '', 'blue', 'chevrolet', 'blazer', '2020', '', 'gasoline', 'automatic', 'suv', '6', 'awd', 'blue')",1,1
"('chevrolet', 'blazer lt', '2020', '11960', 'gasoline', 'automatic', 'other', '6', '', 'blue', 'chevrolet', 'blazer', '2020', '', 'gasoline', 'automatic', 'suv', '6', 'awd', 'blue')",1,1
"('chevrolet', 'blazer lt', '2020', '11960', 'gasoline', 'automatic', 'other', '6', '', 'blue', 'chevrolet', 'blazer', '2020', '', 'gasoline', 'automatic', 'suv', '6', 'awd', 'blue')",1,1
"('chevrolet', 'blazer lt', '2020', '11960', 'gasoline', 'automatic', 'other', '6', '', 'blue', 'chevrolet', 'blazer', '2020', '', 'gasoline', 'automatic', 'suv', '6', 'awd', 'blue')",1,1
"('chevrolet', 'blazer lt', '2020', '11960', 'gasoline', 'automatic', 'other', '6', '', 'blue', 'chevrolet', 'blazer', '2020', '', 'gasoline', 'automatic', 'suv', '6', 'awd', 'blue')",1,1
"('chevrolet', 'blazer lt', '2020', '11960', 'gasoline', 'automatic', 'other', '6', '', 'blue', 'chevrolet', 'blazer', '2020', '', 'gasoline', 'automatic', 'suv', '6', 'awd', 'blue')",1,1
"('chevrolet', 'blazer lt', '2020', '11960', 'gasoline', 'automatic', 'other', '6', '', 'blue', 'chevrolet', 'blazer', '2020', '', 'gasoline', 'automatic', 'suv', '6', 'awd', 'blue')",1,1
"('chevrolet', 'blazer lt', '2020', '11960', 'gasoline', 'automatic', 'other', '6', '', 'blue', 'chevrolet', 'blazer', '2020', '', 'gasoline', 'automatic', 'suv', '6', 'awd', 'blue')",1,1
"('chevrolet', 'blazer lt', '2020', '11960', 'gasoline', 'automatic', 'other', '6', '', 'blue', 'chevrolet', 'blazer', '2020', '', 'gasoline', 'automatic', 'suv', '6', 'awd', 'blue')",1,1
"('chevrolet', 'blazer lt', '2020', '11960', 'gasoline', 'automatic', 'other', '6', '', 'blue', 'chevrolet', 'blazer', '2020', '', 'gasoline', 'automatic', 'suv', '6', 'awd', 'blue')",1,1
"('chevrolet', 'malibu rs', '2020', '5047', 'gasoline', 'automatic', 'sedan', '', '', 'silver', 'chevrolet', 'malibu', '2020', '', 'gasoline', 'other', 'sedan', '4', 'fwd', 'silver')",1,1
"('chevrolet', 'malibu rs', '2020', '5047', 'gasoline', 'automatic', 'sedan', '', '', 'silver', 'chevrolet', 'malibu', '2020', '', 'gasoline', 'other', 'sedan', '4', 'fwd', 'silver')",1,1
"('chevrolet', 'malibu rs', '2020', '5047', 'gasoline', 'automatic', 'sedan', '', '', 'silver', 'chevrolet', 'malibu', '2020', '', 'gasoline', 'other', 'sedan', '4', 'fwd', 'silver')",1,1
"('chevrolet', 'malibu rs', '2020', '5047', 'gasoline', 'automatic', 'sedan', '', '', 'silver', 'chevrolet', 'malibu', '2020', '', 'gasoline', 'other', 'sedan', '4', 'fwd', 'silver')",1,1
"('chevrolet', 'malibu rs', '2020', '5047', 'gasoline', 'automatic', 'sedan', '', '', 'silver', 'chevrolet', 'malibu', '2020', '', 'gasoline', 'other', 'sedan', '4', 'fwd', 'silver')",1,1
"('chevrolet', 'malibu rs', '2020', '5047', 'gasoline', 'automatic', 'sedan', '', '', 'silver', 'chevrolet', 'malibu', '2020', '', 'gasoline', 'other', 'sedan', '4', 'fwd', 'silver')",1,1
"('chevrolet', 'silverado 1500 4wd dou', '2020', '5579', 'other', 'other', 'other', '8', '', '', 'chevrolet', 'silverado 1500', '2020', '10', 'gasoline', 'automatic', 'pickup', '8', '4wd', 'black')",1,1
"('chevrolet', 'silverado 1500 4wd dou', '2020', '5579', 'other', 'other', 'other', '8', '', '', 'chevrolet', 'silverado 1500', '2020', '10', 'gasoline', 'automatic', 'pickup', '8', '4wd', 'black')",1,1
"('chevrolet', 'silverado 1500 4wd dou', '2020', '5579', 'other', 'other', 'other', '8', '', '', 'chevrolet', 'silverado 1500', '2020', '10', 'gasoline', 'automatic', 'pickup', '8', '4wd', 'black')",1,1
"('chevrolet', 'silverado 1500 4wd dou', '2020', '5579', 'other', 'other', 'other', '8', '', '', 'chevrolet', 'silverado 1500', '2020', '10', 'gasoline', 'automatic', 'pickup', '8', '4wd', 'black')",1,1
"('chevrolet', 'silverado 1500 4wd dou', '2020', '5579', 'other', 'other', 'other', '8', '', '', 'chevrolet', 'silverado 1500', '2020', '10', 'gasoline', 'automatic', 'pickup', '8', '4wd', 'black')",1,1
"('chevrolet', 'silverado 1500 4wd dou', '2020', '5579', 'other', 'other', 'other', '8', '', '', 'chevrolet', 'silverado 1500', '2020', '10', 'gasoline', 'automatic', 'pickup', '8', '4wd', 'black')",1,1
"('chevrolet', 'silverado 1500 4wd dou', '2020', '5579', 'other', 'other', 'other', '8', '', '', 'chevrolet', 'silverado 1500', '2020', '10', 'gasoline', 'automatic', 'pickup', '8', '4wd', 'black')",1,1
"('chevrolet', 'silverado 1500 4wd dou', '2020', '5579', 'other', 'other', 'other', '8', '', '', 'chevrolet', 'silverado 1500', '2020', '10', 'gasoline', 'automatic', 'pickup', '8', '4wd', 'black')",1,1
"('chevrolet', 'silverado 1500 4wd dou', '2020', '5579', 'other', 'other', 'other', '8', '', '', 'chevrolet', 'silverado 1500', '2020', '10', 'gasoline', 'automatic', 'pickup', '8', '4wd', 'black')",1,1
"('chevrolet', 'silverado 1500 4wd dou', '2020', '5579', 'other', 'other', 'other', '8', '', '', 'chevrolet', 'silverado 1500', '2020', '10', 'gasoline', 'automatic', 'pickup', '8', '4wd', 'black')",1,1
"('chevrolet', 'silverado 1500 4wd dou', '2020', '5579', 'other', 'other', 'other', '8', '', '', 'chevrolet', 'silverado 1500', '2020', '10', 'gasoline', 'automatic', 'pickup', '8', '4wd', 'black')",1,1
"('chevrolet', 'silverado 1500 4wd dou', '2020', '5579', 'other', 'other', 'other', '8', '', '', 'chevrolet', 'silverado 1500', '2020', '10', 'gasoline', 'automatic', 'pickup', '8', '4wd', 'black')",1,1
"('nissan', 'rogue sv sport utility 4d', '2020', '3269', 'other', 'other', 'hatchback', '', '', 'black', 'nissan', 'rogue', '2020', '', 'gasoline', 'other', 'suv', '4', 'awd', 'black')",0,1
"('nissan', 'rogue sv sport utility 4d', '2020', '3269', 'other', 'other', 'hatchback', '', '', 'black', 'nissan', 'rogue', '2020', '', 'gasoline', 'other', 'suv', '4', 'awd', 'black')",0,1
"('nissan', 'rogue sv sport utility 4d', '2020', '3269', 'other', 'other', 'hatchback', '', '', 'black', 'nissan', 'rogue', '2020', '', 'gasoline', 'other', 'suv', '4', 'awd', 'black')",0,1
"('nissan', 'rogue sv sport utility 4d', '2020', '3269', 'other', 'other', 'hatchback', '', '', 'black', 'nissan', 'rogue', '2020', '', 'gasoline', 'other', 'suv', '4', 'awd', 'black')",0,1
"('nissan', 'rogue sv sport utility 4d', '2020', '3269', 'other', 'other', 'hatchback', '', '', 'black', 'nissan', 'rogue', '2020', '', 'gasoline', 'other', 'suv', '4', 'awd', 'black')",0,1
"('nissan', 'rogue sv sport utility 4d', '2020', '3269', 'other', 'other', 'hatchback', '', '', 'black', 'nissan', 'rogue', '2020', '', 'gasoline', 'other', 'suv', '4', 'awd', 'black')",0,1
"('nissan', 'rogue sv sport utility 4d', '2020', '3269', 'other', 'other', 'hatchback', '', '', 'black', 'nissan', 'rogue', '2020', '', 'gasoline', 'other', 'suv', '4', 'awd', 'black')",0,1
"('nissan', 'rogue sv sport utility 4d', '2020', '3269', 'other', 'other', 'hatchback', '', '', 'black', 'nissan', 'rogue', '2020', '', 'gasoline', 'other', 'suv', '4', 'awd', 'black')",0,1
"('nissan', 'rogue sv sport utility 4d', '2020', '3269', 'other', 'other', 'hatchback', '', '', 'black', 'nissan', 'rogue', '2020', '', 'gasoline', 'other', 'suv', '4', 'awd', 'black')",0,1
"('nissan', 'rogue sv sport utility 4d', '2020', '3269', 'other', 'other', 'hatchback', '', '', 'black', 'nissan', 'rogue', '2020', '', 'gasoline', 'other', 'suv', '4', 'awd', 'black')",0,1
"('nissan', 'rogue sv sport utility 4d', '2020', '3269', 'other', 'other', 'hatchback', '', '', 'black', 'nissan', 'rogue', '2020', '', 'gasoline', 'other', 'suv', '4', 'awd', 'black')",0,1
"('nissan', 'rogue sv sport utility 4d', '2020', '3269', 'other', 'other', 'hatchback', '', '', 'black', 'nissan', 'rogue', '2020', '', 'gasoline', 'other', 'suv', '4', 'awd', 'black')",0,1
"('ford', 'escape s sport utility 4d', '2020', '863', 'gasoline', 'other', 'other', '', 'fwd', 'white', 'ford', 'escape', '2020', '0', 'gasoline', 'automatic', 'suv', '3', 'fwd', 'white')",0,1
"('acura', 'ilx', '2020', '4468', 'gasoline', 'automatic', '', '', '', 'silver', 'acura', 'ilx', '2020', '10', 'gasoline', 'automatic', 'sedan', '4', 'fwd', 'silver')",1,1
"('acura', 'ilx', '2020', '4468', 'gasoline', 'automatic', '', '', '', 'silver', 'acura', 'ilx', '2020', '10', 'gasoline', 'automatic', 'sedan', '4', 'fwd', 'silver')",1,1
"('honda', 'accord', '2011', '79334', 'gasoline', 'automatic', 'sedan', '', '', '', 'honda', 'accord', '2011', '79334', 'gasoline', 'automatic', 'sedan', '4', 'fwd', 'polished metal metallic')",1,1
"('honda', 'cr-v', '2013', '131447', 'gasoline', 'automatic', 'suv', '', '', 'white', 'honda', 'cr-v', '2013', '131447', 'gasoline', 'automatic', 'suv', '4', 'awd', 'white')",1,1
"('gmc', 'savana', '2011', '58636', 'other', 'automatic', 'van', '', 'rwd', 'blue', 'gmc', 'savana', '2011', '58636', 'flex fuel vehicle', 'automatic', 'van', '8', 'rwd', 'blue')",1,1
"('chevrolet', 'tahoe', '2013', '140042', 'other', 'automatic', 'suv', '', '', 'black', 'chevrolet', 'tahoe', '2013', '140042', 'flex fuel vehicle', 'automatic', 'suv', '8', '4wd', 'black')",1,1
"('kia', 'soul', '2010', '103967', 'gasoline', 'automatic', '', '', '', '', 'kia', 'soul', '2010', '103967', 'gasoline', 'automatic', 'wagon', '4', 'fwd', 'silver')",1,1
"('gmc', 'acadia', '2010', '139248', 'gasoline', 'automatic', '', '', '', '', 'gmc', 'acadia', '2010', '139248', 'gasoline', 'automatic', 'suv', '6', 'awd', 'tan')",1,1
"('hyundai', 'venue se sport utility', '2020', '953', 'gasoline', 'other', 'hatchback', '', 'fwd', 'black', 'hyundai', 'venue', '2020', '0', 'gasoline', 'automatic', 'suv', '4', 'fwd', 'black')",0,1
"('jeep', 'new compass limited', '2017', '', 'gasoline', 'automatic', 'suv', '4', '4wd', '', 'jeep', 'compass', '2017', '35265', 'gasoline', 'automatic', 'suv', '4', '4wd', 'white')",1,1
"('bmw', '535xi awd twin turbo 4-dr', '2011', '130', 'gasoline', 'automatic', 'sedan', '6', '4wd', 'white', 'bmw', '5 series', '2011', '135042', 'gasoline', 'automatic', 'sedan', '6', 'awd', 'white')",0,1
"('volvo', 'v60', '2018', '78084', 'gasoline', 'automatic', 'wagon', '4', 'fwd', 'white', 'volvo', 'v60', '2018', '78084', 'gasoline', 'automatic', 'wagon', '4', 'fwd', 'white')",1,1
"('honda', 'accord', '2017', '33162', 'other', 'automatic', 'sedan', '4', 'fwd', 'grey', 'honda', 'accord', '2017', '33162', 'gasoline', 'automatic', 'sedan', '4', 'fwd', 'grey')",1,1
"('toyota', 'rav4 awd', '2008', '131322', 'gasoline', 'automatic', 'suv', '4', '4wd', 'brown', 'toyota', 'rav4', '2008', '131322', 'gasoline', 'automatic', 'suv', '4', '4wd', 'tan')",1,1
"('ram', 'promaster 1500', '2018', '7087', 'gasoline', 'automatic', 'minivan', '6', 'fwd', 'white', 'ram', 'promaster', '2018', '87', 'gasoline', 'automatic', 'van', '6', 'fwd', 'white')",1,1
"('gmc', 'sierra 1500', '2020', '18717', 'gasoline', 'automatic', 'truck', '8', '4wd', 'white', 'gmc', 'sierra 1500', '2020', '6', 'gasoline', 'automatic', 'pickup', '8', '4wd', 'white')",1,1
"('audi', 'a4', '2017', '72187', 'gasoline', 'automatic', 'other', '', '', 'black', 'audi', 'a4', '2017', '78777', 'gasoline', 'automatic', 'sedan', '4', 'awd', 'black')",1,1
"('ram', 'promaster cargo van 1500 low roof 118"" wb', '2017', '88836', '', 'automatic', 'minivan', '6', 'fwd', 'white', 'ram', 'promaster', '2017', '69759', 'gasoline', 'automatic', 'van', '6', 'fwd', 'white')",0,1
"('ford', 'f-150 fx4 4x4supercrew', '2013', '182507', 'gasoline', 'automatic', 'truck', '6', '4wd', '', 'ford', 'f-150', '2013', '182507', 'gasoline', 'automatic', 'pickup', '6', '4wd', 'white')",1,1
"('nissan', 'sentra', '2014', '99367', 'gasoline', 'automatic', 'sedan', '', 'fwd', 'white', 'nissan', 'sentra', '2014', '99367', 'gasoline', 'automatic', 'sedan', '4', 'fwd', 'white')",1,1
"('honda', 'accord', '2017', '33683', 'gasoline', 'automatic', 'sedan', '', '', 'silver', 'honda', 'accord', '2017', '33554', 'gasoline', 'automatic', 'sedan', '4', 'fwd', 'silver')",1,1
"('bmw', '3 series', '2017', '39130', 'gasoline', 'automatic', '', '', '', 'white', 'bmw', '3 series', '2017', '39130', 'gasoline', 'automatic', 'sedan', '4', 'awd', 'white')",1,1
"('jeep', 'renegade sport suv 4d', '2020', '6671', 'gasoline', 'other', 'suv', '', '4wd', 'black', 'jeep', 'renegade', '2020', '2', 'gasoline', 'automatic', 'suv', '4', '4wd', 'black')",1,1
"('jeep', 'renegade sport suv 4d', '2020', '6671', 'gasoline', 'other', 'suv', '', '4wd', 'black', 'jeep', 'renegade', '2020', '2', 'gasoline', 'automatic', 'suv', '4', '4wd', 'black')",1,1
"('jeep', 'renegade sport suv 4d', '2020', '6671', 'gasoline', 'other', 'suv', '', '4wd', 'black', 'jeep', 'renegade', '2020', '2', 'gasoline', 'automatic', 'suv', '4', '4wd', 'black')",1,1
"('jeep', 'renegade sport suv 4d', '2020', '6671', 'gasoline', 'other', 'suv', '', '4wd', 'black', 'jeep', 'renegade', '2020', '2', 'gasoline', 'automatic', 'suv', '4', '4wd', 'black')",1,1
"('jeep', 'renegade sport suv 4d', '2020', '6671', 'gasoline', 'other', 'suv', '', '4wd', 'black', 'jeep', 'renegade', '2020', '2', 'gasoline', 'automatic', 'suv', '4', '4wd', 'black')",1,1
"('jeep', 'renegade sport suv 4d', '2020', '6671', 'gasoline', 'other', 'suv', '', '4wd', 'black', 'jeep', 'renegade', '2020', '2', 'gasoline', 'automatic', 'suv', '4', '4wd', 'black')",1,1
"('jeep', 'renegade sport suv 4d', '2020', '6671', 'gasoline', 'other', 'suv', '', '4wd', 'black', 'jeep', 'renegade', '2020', '2', 'gasoline', 'automatic', 'suv', '4', '4wd', 'black')",1,1
"('hyundai', 'sonata se sedan 4d', '2016', '9570', 'gasoline', 'other', 'sedan', '', 'fwd', '', 'hyundai', 'sonata', '2016', '9487', 'gasoline', 'automatic', 'sedan', '4', 'fwd', 'grey')",1,1
"('chevrolet', 'blazer lt', '2020', '11960', 'gasoline', 'automatic', 'other', '6', '', 'blue', 'chevrolet', 'blazer', '2020', '', 'gasoline', 'automatic', 'suv', '6', 'awd', 'blue')",1,1
"('chevrolet', 'blazer lt', '2020', '11960', 'gasoline', 'automatic', 'other', '6', '', 'blue', 'chevrolet', 'blazer', '2020', '', 'gasoline', 'automatic', 'suv', '6', 'awd', 'blue')",1,1
"('chevrolet', 'malibu rs', '2020', '5047', 'gasoline', 'automatic', 'sedan', '', '', 'silver', 'chevrolet', 'malibu', '2020', '', 'gasoline', 'other', 'sedan', '4', 'fwd', 'silver')",1,1
"('chevrolet', 'malibu rs', '2020', '5047', 'gasoline', 'automatic', 'sedan', '', '', 'silver', 'chevrolet', 'malibu', '2020', '', 'gasoline', 'other', 'sedan', '4', 'fwd', 'silver')",1,1
"('chevrolet', 'malibu rs', '2020', '5047', 'gasoline', 'automatic', 'sedan', '', '', 'silver', 'chevrolet', 'malibu', '2020', '', 'gasoline', 'other', 'sedan', '4', 'fwd', 'silver')",1,1
"('chevrolet', 'malibu rs', '2020', '5047', 'gasoline', 'automatic', 'sedan', '', '', 'silver', 'chevrolet', 'malibu', '2020', '', 'gasoline', 'other', 'sedan', '4', 'fwd', 'silver')",1,1
"('chevrolet', 'malibu rs', '2020', '5047', 'gasoline', 'automatic', 'sedan', '', '', 'silver', 'chevrolet', 'malibu', '2020', '', 'gasoline', 'other', 'sedan', '4', 'fwd', 'silver')",1,1
"('chevrolet', 'malibu rs', '2020', '5047', 'gasoline', 'automatic', 'sedan', '', '', 'silver', 'chevrolet', 'malibu', '2020', '', 'gasoline', 'other', 'sedan', '4', 'fwd', 'silver')",1,1
"('chevrolet', 'silverado 1500 4wd dou', '2020', '5579', 'other', 'other', 'other', '8', '', '', 'chevrolet', 'silverado 1500', '2020', '10', 'gasoline', 'automatic', 'pickup', '8', '4wd', 'black')",1,1
"('chevrolet', 'silverado 1500 4wd dou', '2020', '5579', 'other', 'other', 'other', '8', '', '', 'chevrolet', 'silverado 1500', '2020', '10', 'gasoline', 'automatic', 'pickup', '8', '4wd', 'black')",1,1
"('chevrolet', 'silverado 1500 4wd dou', '2020', '5579', 'other', 'other', 'other', '8', '', '', 'chevrolet', 'silverado 1500', '2020', '10', 'gasoline', 'automatic', 'pickup', '8', '4wd', 'black')",1,1
"('chevrolet', 'silverado 1500 4wd dou', '2020', '5579', 'other', 'other', 'other', '8', '', '', 'chevrolet', 'silverado 1500', '2020', '10', 'gasoline', 'automatic', 'pickup', '8', '4wd', 'black')",1,1
"('chevrolet', 'silverado 1500 4wd dou', '2020', '5579', 'other', 'other', 'other', '8', '', '', 'chevrolet', 'silverado 1500', '2020', '10', 'gasoline', 'automatic', 'pickup', '8', '4wd', 'black')",1,1
"('chevrolet', 'silverado 1500 4wd dou', '2020', '5579', 'other', 'other', 'other', '8', '', '', 'chevrolet', 'silverado 1500', '2020', '10', 'gasoline', 'automatic', 'pickup', '8', '4wd', 'black')",1,1
"('chevrolet', 'silverado 1500 4wd dou', '2020', '5579', 'other', 'other', 'other', '8', '', '', 'chevrolet', 'silverado 1500', '2020', '10', 'gasoline', 'automatic', 'pickup', '8', '4wd', 'black')",1,1
"('chevrolet', 'silverado 1500 4wd dou', '2020', '5579', 'other', 'other', 'other', '8', '', '', 'chevrolet', 'silverado 1500', '2020', '10', 'gasoline', 'automatic', 'pickup', '8', '4wd', 'black')",1,1
"('chevrolet', 'silverado 1500 4wd dou', '2020', '5579', 'other', 'other', 'other', '8', '', '', 'chevrolet', 'silverado 1500', '2020', '10', 'gasoline', 'automatic', 'pickup', '8', '4wd', 'black')",1,1
"('chevrolet', 'silverado 1500 4wd dou', '2020', '5579', 'other', 'other', 'other', '8', '', '', 'chevrolet', 'silverado 1500', '2020', '10', 'gasoline', 'automatic', 'pickup', '8', '4wd', 'black')",1,1
"('chevrolet', 'silverado 1500 4wd dou', '2020', '5579', 'other', 'other', 'other', '8', '', '', 'chevrolet', 'silverado 1500', '2020', '10', 'gasoline', 'automatic', 'pickup', '8', '4wd', 'black')",1,1
"('chevrolet', 'silverado 1500 4wd dou', '2020', '5579', 'other', 'other', 'other', '8', '', '', 'chevrolet', 'silverado 1500', '2020', '10', 'gasoline', 'automatic', 'pickup', '8', '4wd', 'black')",1,1
"('chevrolet', 'silverado 1500 4wd dou', '2020', '5579', 'other', 'other', 'other', '8', '', '', 'chevrolet', 'silverado 1500', '2020', '10', 'gasoline', 'automatic', 'pickup', '8', '4wd', 'black')",1,1
"('chevrolet', 'silverado 1500 4wd dou', '2020', '5579', 'other', 'other', 'other', '8', '', '', 'chevrolet', 'silverado 1500', '2020', '10', 'gasoline', 'automatic', 'pickup', '8', '4wd', 'black')",1,1
"('chevrolet', 'silverado 1500 4wd dou', '2020', '5579', 'other', 'other', 'other', '8', '', '', 'chevrolet', 'silverado 1500', '2020', '10', 'gasoline', 'automatic', 'pickup', '8', '4wd', 'black')",1,1
"('chevrolet', 'silverado 1500 4wd dou', '2020', '5579', 'other', 'other', 'other', '8', '', '', 'chevrolet', 'silverado 1500', '2020', '10', 'gasoline', 'automatic', 'pickup', '8', '4wd', 'black')",1,1
"('nissan', 'rogue sv sport utility 4d', '2020', '3269', 'other', 'other', 'hatchback', '', '', 'black', 'nissan', 'rogue', '2020', '', 'gasoline', 'other', 'suv', '4', 'awd', 'black')",0,1
"('nissan', 'rogue sv sport utility 4d', '2020', '3269', 'other', 'other', 'hatchback', '', '', 'black', 'nissan', 'rogue', '2020', '', 'gasoline', 'other', 'suv', '4', 'awd', 'black')",0,1
"('nissan', 'rogue sv sport utility 4d', '2020', '3269', 'other', 'other', 'hatchback', '', '', 'black', 'nissan', 'rogue', '2020', '', 'gasoline', 'other', 'suv', '4', 'awd', 'black')",0,1
"('nissan', 'rogue sv sport utility 4d', '2020', '3269', 'other', 'other', 'hatchback', '', '', 'black', 'nissan', 'rogue', '2020', '', 'gasoline', 'other', 'suv', '4', 'awd', 'black')",0,1
"('nissan', 'rogue sv sport utility 4d', '2020', '3269', 'other', 'other', 'hatchback', '', '', 'black', 'nissan', 'rogue', '2020', '', 'gasoline', 'other', 'suv', '4', 'awd', 'black')",0,1
"('nissan', 'rogue sv sport utility 4d', '2020', '3269', 'other', 'other', 'hatchback', '', '', 'black', 'nissan', 'rogue', '2020', '', 'gasoline', 'other', 'suv', '4', 'awd', 'black')",0,1
"('nissan', 'rogue sv sport utility 4d', '2020', '3269', 'other', 'other', 'hatchback', '', '', 'black', 'nissan', 'rogue', '2020', '', 'gasoline', 'other', 'suv', '4', 'awd', 'black')",0,1
"('nissan', 'rogue sv sport utility 4d', '2020', '3269', 'other', 'other', 'hatchback', '', '', 'black', 'nissan', 'rogue', '2020', '', 'gasoline', 'other', 'suv', '4', 'awd', 'black')",0,1
"('nissan', 'rogue sv sport utility 4d', '2020', '3269', 'other', 'other', 'hatchback', '', '', 'black', 'nissan', 'rogue', '2020', '', 'gasoline', 'other', 'suv', '4', 'awd', 'black')",0,1
"('nissan', 'rogue sv sport utility 4d', '2020', '3269', 'other', 'other', 'hatchback', '', '', 'black', 'nissan', 'rogue', '2020', '', 'gasoline', 'other', 'suv', '4', 'awd', 'black')",0,1
"('nissan', 'rogue sv sport utility 4d', '2020', '3269', 'other', 'other', 'hatchback', '', '', 'black', 'nissan', 'rogue', '2020', '', 'gasoline', 'other', 'suv', '4', 'awd', 'black')",0,1
"('nissan', 'rogue sv sport utility 4d', '2020', '3269', 'other', 'other', 'hatchback', '', '', 'black', 'nissan', 'rogue', '2020', '', 'gasoline', 'other', 'suv', '4', 'awd', 'black')",0,1
"('nissan', 'rogue sv sport utility 4d', '2020', '3269', 'other', 'other', 'hatchback', '', '', 'black', 'nissan', 'rogue', '2020', '', 'gasoline', 'other', 'suv', '4', 'awd', 'black')",0,1
"('nissan', 'rogue sv sport utility 4d', '2020', '3269', 'other', 'other', 'hatchback', '', '', 'black', 'nissan', 'rogue', '2020', '', 'gasoline', 'other', 'suv', '4', 'awd', 'black')",0,1
"('nissan', 'rogue sv sport utility 4d', '2020', '3269', 'other', 'other', 'hatchback', '', '', 'black', 'nissan', 'rogue', '2020', '', 'gasoline', 'other', 'suv', '4', 'awd', 'black')",0,1
"('nissan', 'rogue sv sport utility 4d', '2020', '3269', 'other', 'other', 'hatchback', '', '', 'black', 'nissan', 'rogue', '2020', '', 'gasoline', 'other', 'suv', '4', 'awd', 'black')",0,1
"('nissan', 'rogue sv sport utility 4d', '2020', '3269', 'other', 'other', 'hatchback', '', '', 'black', 'nissan', 'rogue', '2020', '', 'gasoline', 'other', 'suv', '4', 'awd', 'black')",0,1
"('nissan', 'rogue sv sport utility 4d', '2020', '3269', 'other', 'other', 'hatchback', '', '', 'black', 'nissan', 'rogue', '2020', '', 'gasoline', 'other', 'suv', '4', 'awd', 'black')",0,1
"('nissan', 'rogue sv sport utility 4d', '2020', '3269', 'other', 'other', 'hatchback', '', '', 'black', 'nissan', 'rogue', '2020', '', 'gasoline', 'other', 'suv', '4', 'awd', 'black')",0,1
"('nissan', 'rogue sv sport utility 4d', '2020', '3269', 'other', 'other', 'hatchback', '', '', 'black', 'nissan', 'rogue', '2020', '', 'gasoline', 'other', 'suv', '4', 'awd', 'black')",0,1
"('nissan', 'rogue sv sport utility 4d', '2020', '3269', 'other', 'other', 'hatchback', '', '', 'black', 'nissan', 'rogue', '2020', '', 'gasoline', 'other', 'suv', '4', 'awd', 'black')",0,1
"('nissan', 'rogue sv sport utility 4d', '2020', '3269', 'other', 'other', 'hatchback', '', '', 'black', 'nissan', 'rogue', '2020', '', 'gasoline', 'other', 'suv', '4', 'awd', 'black')",0,1
"('nissan', 'rogue sv sport utility 4d', '2020', '3269', 'other', 'other', 'hatchback', '', '', 'black', 'nissan', 'rogue', '2020', '', 'gasoline', 'other', 'suv', '4', 'awd', 'black')",0,1
"('nissan', 'rogue sv sport utility 4d', '2020', '3269', 'other', 'other', 'hatchback', '', '', 'black', 'nissan', 'rogue', '2020', '', 'gasoline', 'other', 'suv', '4', 'awd', 'black')",0,1
"('nissan', 'rogue sv sport utility 4d', '2020', '3269', 'other', 'other', 'hatchback', '', '', 'black', 'nissan', 'rogue', '2020', '', 'gasoline', 'other', 'suv', '4', 'awd', 'black')",0,1
"('ford', 'escape s sport utility 4d', '2020', '863', 'gasoline', 'other', 'other', '', 'fwd', 'white', 'ford', 'escape', '2020', '0', 'gasoline', 'automatic', 'suv', '3', 'fwd', 'white')",0,1
"('ford', 'escape s sport utility 4d', '2020', '863', 'gasoline', 'other', 'other', '', 'fwd', 'white', 'ford', 'escape', '2020', '0', 'gasoline', 'automatic', 'suv', '3', 'fwd', 'white')",0,1
"('ford', 'escape s sport utility 4d', '2020', '863', 'gasoline', 'other', 'other', '', 'fwd', 'white', 'ford', 'escape', '2020', '0', 'gasoline', 'automatic', 'suv', '3', 'fwd', 'white')",0,1
"('ford', 'escape s sport utility 4d', '2020', '863', 'gasoline', 'other', 'other', '', 'fwd', 'white', 'ford', 'escape', '2020', '0', 'gasoline', 'automatic', 'suv', '3', 'fwd', 'white')",0,1
"('ford', 'escape s sport utility 4d', '2020', '863', 'gasoline', 'other', 'other', '', 'fwd', 'white', 'ford', 'escape', '2020', '0', 'gasoline', 'automatic', 'suv', '3', 'fwd', 'white')",0,1
"('ford', 'escape s sport utility 4d', '2020', '863', 'gasoline', 'other', 'other', '', 'fwd', 'white', 'ford', 'escape', '2020', '0', 'gasoline', 'automatic', 'suv', '3', 'fwd', 'white')",0,1
"('ford', 'escape s sport utility 4d', '2020', '863', 'gasoline', 'other', 'other', '', 'fwd', 'white', 'ford', 'escape', '2020', '0', 'gasoline', 'automatic', 'suv', '3', 'fwd', 'white')",0,1
"('ford', 'escape s sport utility 4d', '2020', '863', 'gasoline', 'other', 'other', '', 'fwd', 'white', 'ford', 'escape', '2020', '0', 'gasoline', 'automatic', 'suv', '3', 'fwd', 'white')",0,1
"('ford', 'escape s sport utility 4d', '2020', '863', 'gasoline', 'other', 'other', '', 'fwd', 'white', 'ford', 'escape', '2020', '0', 'gasoline', 'automatic', 'suv', '3', 'fwd', 'white')",0,1
"('ford', 'escape s sport utility 4d', '2020', '863', 'gasoline', 'other', 'other', '', 'fwd', 'white', 'ford', 'escape', '2020', '0', 'gasoline', 'automatic', 'suv', '3', 'fwd', 'white')",0,1
"('ford', 'escape s sport utility 4d', '2020', '863', 'gasoline', 'other', 'other', '', 'fwd', 'white', 'ford', 'escape', '2020', '0', 'gasoline', 'automatic', 'suv', '3', 'fwd', 'white')",0,1
"('mercedesbenz', 'e 350', '2013', '73659', 'gasoline', 'automatic', 'sedan', '6', '4wd', 'blue', 'mercedesbenz', 'e-class', '2013', '73659', 'gasoline', 'automatic', 'sedan', '6', 'awd', 'blue')",0,1
"('dodge', 'challenger', '2016', '46813', 'gasoline', '', 'coupe', '', 'rwd', 'red', 'dodge', 'challenger', '2016', '46813', 'gasoline', 'manual', 'coupe', '8', 'rwd', 'red')",1,1
"('kia', 'cadenza', '2015', '79752', 'gasoline', 'automatic', 'sedan', '', '', 'blue', 'kia', 'cadenza', '2015', '77016', 'gasoline', 'automatic', 'sedan', '6', 'fwd', 'blue')",1,1
"('nissan', 'rogue', '2017', '34014', 'gasoline', 'automatic', 'suv', '', '', '', 'nissan', 'rogue', '2017', '33955', 'gasoline', 'other', 'suv', '4', 'awd', 'gun metallic')",1,1
"('lexus', 'rx 350', '2015', '104000', 'gasoline', 'automatic', 'suv', '6', '4wd', 'black', 'lexus', 'rx 350', '2015', '102717', 'gasoline', 'automatic', 'suv', '6', '', 'black')",1,1
"('jeep', 'wrangler', '2012', '110821', 'other', 'automatic', 'suv', '6', '4wd', 'black', 'jeep', 'wrangler unlimited', '2012', '110821', 'gasoline', 'automatic', 'suv', '6', '4wd', 'black')",1,1
"('gmc', 'sierra 1500 denali', '2020', '1963', 'diesel', 'automatic', 'pickup', '', '', 'blue', 'gmc', 'sierra 1500', '2020', '2', 'diesel', 'automatic', 'pickup', '6', '4wd', 'blue')",1,1
"('gmc', 'sierra 1500', '2020', '18717', 'gasoline', 'automatic', 'truck', '8', '4wd', 'white', 'gmc', 'sierra 1500', '2020', '6', 'gasoline', 'automatic', 'pickup', '8', '4wd', 'white')",1,1
"('gmc', 'sierra 1500', '2020', '18717', 'gasoline', 'automatic', 'truck', '8', '4wd', 'white', 'gmc', 'sierra 1500', '2020', '6', 'gasoline', 'automatic', 'pickup', '8', '4wd', 'white')",1,1
"('gmc', 'sierra 1500', '2020', '18717', 'gasoline', 'automatic', 'truck', '8', '4wd', 'white', 'gmc', 'sierra 1500', '2020', '6', 'gasoline', 'automatic', 'pickup', '8', '4wd', 'white')",1,1
"('gmc', 'sierra 1500', '2020', '18717', 'gasoline', 'automatic', 'truck', '8', '4wd', 'white', 'gmc', 'sierra 1500', '2020', '6', 'gasoline', 'automatic', 'pickup', '8', '4wd', 'white')",1,1
"('gmc', 'sierra 1500', '2020', '18717', 'gasoline', 'automatic', 'truck', '8', '4wd', 'white', 'gmc', 'sierra 1500', '2020', '6', 'gasoline', 'automatic', 'pickup', '8', '4wd', 'white')",1,1
"('gmc', 'sierra 1500', '2020', '18717', 'gasoline', 'automatic', 'truck', '8', '4wd', 'white', 'gmc', 'sierra 1500', '2020', '6', 'gasoline', 'automatic', 'pickup', '8', '4wd', 'white')",1,1
"('mazda', 'mazda3', '2010', '124010', 'gasoline', 'automatic', 'sedan', '4', 'fwd', 'black', 'mazda', 'mazda3', '2010', '124010', '', 'automatic', 'hatchback', '', 'fwd', 'black')",1,1
"('toyota', 'corolla', '2015', '72000', 'gasoline', 'automatic', 'sedan', '4', 'fwd', 'black', 'toyota', 'corolla', '2015', '64839', 'gasoline', 'automatic', 'sedan', '4', 'fwd', 'black')",1,1
"('gmc', 'sierra 1500', '2017', '43739', 'gasoline', 'automatic', 'truck', '8', '4wd', 'black', 'gmc', 'sierra 1500', '2017', '42368', 'gasoline', 'automatic', 'pickup', '8', '4wd', 'black')",1,1
"('nissan', 'sentra', '2014', '99000', 'gasoline', 'automatic', 'sedan', '', 'fwd', 'blue', 'nissan', 'sentra', '2014', '99000', 'gasoline', 'other', 'sedan', '4', 'fwd', 'blue')",1,1
"('jeep', 'wrangler', '2015', '62542', 'gasoline', 'manual', 'suv', '', '', 'yellow', 'jeep', 'wrangler', '2015', '62542', 'gasoline', 'manual', 'suv', '6', '4wd', 'yellow')",1,1
"('jeep', 'renegade sport suv 4d', '2020', '6671', 'gasoline', 'other', 'suv', '', '4wd', 'black', 'jeep', 'renegade', '2020', '2', 'gasoline', 'automatic', 'suv', '4', '4wd', 'black')",1,1
"('jeep', 'renegade sport suv 4d', '2020', '6671', 'gasoline', 'other', 'suv', '', '4wd', 'black', 'jeep', 'renegade', '2020', '2', 'gasoline', 'automatic', 'suv', '4', '4wd', 'black')",1,1
"('jeep', 'renegade sport suv 4d', '2020', '6671', 'gasoline', 'other', 'suv', '', '4wd', 'black', 'jeep', 'renegade', '2020', '2', 'gasoline', 'automatic', 'suv', '4', '4wd', 'black')",1,1
"('jeep', 'renegade sport suv 4d', '2020', '6671', 'gasoline', 'other', 'suv', '', '4wd', 'black', 'jeep', 'renegade', '2020', '2', 'gasoline', 'automatic', 'suv', '4', '4wd', 'black')",1,1
"('ford', 'fusion', '2020', '5228', 'gasoline', 'automatic', 'sedan', '4', 'fwd', 'red', 'ford', 'fusion', '2020', '8', 'gasoline', 'automatic', 'sedan', '4', 'fwd', 'red')",1,1
"('ford', 'fusion', '2020', '5228', 'gasoline', 'automatic', 'sedan', '4', 'fwd', 'red', 'ford', 'fusion', '2020', '8', 'gasoline', 'automatic', 'sedan', '4', 'fwd', 'red')",1,1
"('chevrolet', 'blazer lt', '2020', '11960', 'gasoline', 'automatic', 'other', '6', '', 'blue', 'chevrolet', 'blazer', '2020', '', 'gasoline', 'automatic', 'suv', '6', 'awd', 'blue')",1,1
"('chevrolet', 'blazer lt', '2020', '11960', 'gasoline', 'automatic', 'other', '6', '', 'blue', 'chevrolet', 'blazer', '2020', '', 'gasoline', 'automatic', 'suv', '6', 'awd', 'blue')",1,1
"('chevrolet', 'blazer lt', '2020', '11960', 'gasoline', 'automatic', 'other', '6', '', 'blue', 'chevrolet', 'blazer', '2020', '', 'gasoline', 'automatic', 'suv', '6', 'awd', 'blue')",1,1
"('chevrolet', 'blazer lt', '2020', '11960', 'gasoline', 'automatic', 'other', '6', '', 'blue', 'chevrolet', 'blazer', '2020', '', 'gasoline', 'automatic', 'suv', '6', 'awd', 'blue')",1,1
"('chevrolet', 'blazer lt', '2020', '11960', 'gasoline', 'automatic', 'other', '6', '', 'blue', 'chevrolet', 'blazer', '2020', '', 'gasoline', 'automatic', 'suv', '6', 'awd', 'blue')",1,1
"('chevrolet', 'blazer lt', '2020', '11960', 'gasoline', 'automatic', 'other', '6', '', 'blue', 'chevrolet', 'blazer', '2020', '', 'gasoline', 'automatic', 'suv', '6', 'awd', 'blue')",1,1
"('chevrolet', 'blazer lt', '2020', '11960', 'gasoline', 'automatic', 'other', '6', '', 'blue', 'chevrolet', 'blazer', '2020', '', 'gasoline', 'automatic', 'suv', '6', 'awd', 'blue')",1,1
"('chevrolet', 'blazer lt', '2020', '11960', 'gasoline', 'automatic', 'other', '6', '', 'blue', 'chevrolet', 'blazer', '2020', '', 'gasoline', 'automatic', 'suv', '6', 'awd', 'blue')",1,1
"('chevrolet', 'blazer lt', '2020', '11960', 'gasoline', 'automatic', 'other', '6', '', 'blue', 'chevrolet', 'blazer', '2020', '', 'gasoline', 'automatic', 'suv', '6', 'awd', 'blue')",1,1
"('chevrolet', 'malibu rs', '2020', '5047', 'gasoline', 'automatic', 'sedan', '', '', 'silver', 'chevrolet', 'malibu', '2020', '', 'gasoline', 'other', 'sedan', '4', 'fwd', 'silver')",1,1
"('chevrolet', 'malibu rs', '2020', '5047', 'gasoline', 'automatic', 'sedan', '', '', 'silver', 'chevrolet', 'malibu', '2020', '', 'gasoline', 'other', 'sedan', '4', 'fwd', 'silver')",1,1
"('chevrolet', 'malibu rs', '2020', '5047', 'gasoline', 'automatic', 'sedan', '', '', 'silver', 'chevrolet', 'malibu', '2020', '', 'gasoline', 'other', 'sedan', '4', 'fwd', 'silver')",1,1
"('chevrolet', 'malibu rs', '2020', '5047', 'gasoline', 'automatic', 'sedan', '', '', 'silver', 'chevrolet', 'malibu', '2020', '', 'gasoline', 'other', 'sedan', '4', 'fwd', 'silver')",1,1
"('chevrolet', 'silverado 1500 4wd dou', '2020', '5579', 'other', 'other', 'other', '8', '', '', 'chevrolet', 'silverado 1500', '2020', '10', 'gasoline', 'automatic', 'pickup', '8', '4wd', 'black')",1,1
"('chevrolet', 'silverado 1500 4wd dou', '2020', '5579', 'other', 'other', 'other', '8', '', '', 'chevrolet', 'silverado 1500', '2020', '10', 'gasoline', 'automatic', 'pickup', '8', '4wd', 'black')",1,1
"('chevrolet', 'silverado 1500 4wd dou', '2020', '5579', 'other', 'other', 'other', '8', '', '', 'chevrolet', 'silverado 1500', '2020', '10', 'gasoline', 'automatic', 'pickup', '8', '4wd', 'black')",1,1
"('chevrolet', 'silverado 1500 4wd dou', '2020', '5579', 'other', 'other', 'other', '8', '', '', 'chevrolet', 'silverado 1500', '2020', '10', 'gasoline', 'automatic', 'pickup', '8', '4wd', 'black')",1,1
"('chevrolet', 'silverado 1500 4wd dou', '2020', '5579', 'other', 'other', 'other', '8', '', '', 'chevrolet', 'silverado 1500', '2020', '10', 'gasoline', 'automatic', 'pickup', '8', '4wd', 'black')",1,1
"('chevrolet', 'silverado 1500 4wd dou', '2020', '5579', 'other', 'other', 'other', '8', '', '', 'chevrolet', 'silverado 1500', '2020', '10', 'gasoline', 'automatic', 'pickup', '8', '4wd', 'black')",1,1
"('chevrolet', 'silverado 1500 4wd dou', '2020', '5579', 'other', 'other', 'other', '8', '', '', 'chevrolet', 'silverado 1500', '2020', '10', 'gasoline', 'automatic', 'pickup', '8', '4wd', 'black')",1,1
"('chevrolet', 'silverado 1500 4wd dou', '2020', '5579', 'other', 'other', 'other', '8', '', '', 'chevrolet', 'silverado 1500', '2020', '10', 'gasoline', 'automatic', 'pickup', '8', '4wd', 'black')",1,1
"('chevrolet', 'silverado 1500 4wd dou', '2020', '5579', 'other', 'other', 'other', '8', '', '', 'chevrolet', 'silverado 1500', '2020', '10', 'gasoline', 'automatic', 'pickup', '8', '4wd', 'black')",1,1
"('chevrolet', 'silverado 1500 4wd dou', '2020', '5579', 'other', 'other', 'other', '8', '', '', 'chevrolet', 'silverado 1500', '2020', '10', 'gasoline', 'automatic', 'pickup', '8', '4wd', 'black')",1,1
"('chevrolet', 'silverado 1500 4wd dou', '2020', '5579', 'other', 'other', 'other', '8', '', '', 'chevrolet', 'silverado 1500', '2020', '10', 'gasoline', 'automatic', 'pickup', '8', '4wd', 'black')",1,1
"('nissan', 'rogue sv sport utility 4d', '2020', '3269', 'other', 'other', 'hatchback', '', '', 'black', 'nissan', 'rogue', '2020', '', 'gasoline', 'other', 'suv', '4', 'awd', 'black')",0,1
"('nissan', 'rogue sv sport utility 4d', '2020', '3269', 'other', 'other', 'hatchback', '', '', 'black', 'nissan', 'rogue', '2020', '', 'gasoline', 'other', 'suv', '4', 'awd', 'black')",0,1
"('nissan', 'rogue sv sport utility 4d', '2020', '3269', 'other', 'other', 'hatchback', '', '', 'black', 'nissan', 'rogue', '2020', '', 'gasoline', 'other', 'suv', '4', 'awd', 'black')",0,1
"('nissan', 'rogue sv sport utility 4d', '2020', '3269', 'other', 'other', 'hatchback', '', '', 'black', 'nissan', 'rogue', '2020', '', 'gasoline', 'other', 'suv', '4', 'awd', 'black')",0,1
"('nissan', 'rogue sv sport utility 4d', '2020', '3269', 'other', 'other', 'hatchback', '', '', 'black', 'nissan', 'rogue', '2020', '', 'gasoline', 'other', 'suv', '4', 'awd', 'black')",0,1
"('nissan', 'rogue sv sport utility 4d', '2020', '3269', 'other', 'other', 'hatchback', '', '', 'black', 'nissan', 'rogue', '2020', '', 'gasoline', 'other', 'suv', '4', 'awd', 'black')",0,1
"('nissan', 'rogue sv sport utility 4d', '2020', '3269', 'other', 'other', 'hatchback', '', '', 'black', 'nissan', 'rogue', '2020', '', 'gasoline', 'other', 'suv', '4', 'awd', 'black')",0,1
"('nissan', 'rogue sv sport utility 4d', '2020', '3269', 'other', 'other', 'hatchback', '', '', 'black', 'nissan', 'rogue', '2020', '', 'gasoline', 'other', 'suv', '4', 'awd', 'black')",0,1
"('nissan', 'rogue sv sport utility 4d', '2020', '3269', 'other', 'other', 'hatchback', '', '', 'black', 'nissan', 'rogue', '2020', '', 'gasoline', 'other', 'suv', '4', 'awd', 'black')",0,1
"('nissan', 'rogue sv sport utility 4d', '2020', '3269', 'other', 'other', 'hatchback', '', '', 'black', 'nissan', 'rogue', '2020', '', 'gasoline', 'other', 'suv', '4', 'awd', 'black')",0,1
"('nissan', 'rogue sv sport utility 4d', '2020', '3269', 'other', 'other', 'hatchback', '', '', 'black', 'nissan', 'rogue', '2020', '', 'gasoline', 'other', 'suv', '4', 'awd', 'black')",0,1
"('nissan', 'rogue sv sport utility 4d', '2020', '3269', 'other', 'other', 'hatchback', '', '', 'black', 'nissan', 'rogue', '2020', '', 'gasoline', 'other', 'suv', '4', 'awd', 'black')",0,1
"('nissan', 'rogue sv sport utility 4d', '2020', '3269', 'other', 'other', 'hatchback', '', '', 'black', 'nissan', 'rogue', '2020', '', 'gasoline', 'other', 'suv', '4', 'awd', 'black')",0,1
"('nissan', 'rogue sv sport utility 4d', '2020', '3269', 'other', 'other', 'hatchback', '', '', 'black', 'nissan', 'rogue', '2020', '', 'gasoline', 'other', 'suv', '4', 'awd', 'black')",0,1
"('nissan', 'rogue sv sport utility 4d', '2020', '3269', 'other', 'other', 'hatchback', '', '', 'black', 'nissan', 'rogue', '2020', '', 'gasoline', 'other', 'suv', '4', 'awd', 'black')",0,1
"('nissan', 'rogue sv sport utility 4d', '2020', '3269', 'other', 'other', 'hatchback', '', '', 'black', 'nissan', 'rogue', '2020', '', 'gasoline', 'other', 'suv', '4', 'awd', 'black')",0,1
"('nissan', 'rogue sv sport utility 4d', '2020', '3269', 'other', 'other', 'hatchback', '', '', 'black', 'nissan', 'rogue', '2020', '', 'gasoline', 'other', 'suv', '4', 'awd', 'black')",0,1
"('nissan', 'rogue sv sport utility 4d', '2020', '3269', 'other', 'other', 'hatchback', '', '', 'black', 'nissan', 'rogue', '2020', '', 'gasoline', 'other', 'suv', '4', 'awd', 'black')",0,1
"('nissan', 'rogue sv sport utility 4d', '2020', '3269', 'other', 'other', 'hatchback', '', '', 'black', 'nissan', 'rogue', '2020', '', 'gasoline', 'other', 'suv', '4', 'awd', 'black')",0,1
"('nissan', 'rogue sv sport utility 4d', '2020', '3269', 'other', 'other', 'hatchback', '', '', 'black', 'nissan', 'rogue', '2020', '', 'gasoline', 'other', 'suv', '4', 'awd', 'black')",0,1
"('nissan', 'rogue sv sport utility 4d', '2020', '3269', 'other', 'other', 'hatchback', '', '', 'black', 'nissan', 'rogue', '2020', '', 'gasoline', 'other', 'suv', '4', 'awd', 'black')",0,1
"('nissan', 'rogue sv sport utility 4d', '2020', '3269', 'other', 'other', 'hatchback', '', '', 'black', 'nissan', 'rogue', '2020', '', 'gasoline', 'other', 'suv', '4', 'awd', 'black')",0,1
"('nissan', 'rogue sv sport utility 4d', '2020', '3269', 'other', 'other', 'hatchback', '', '', 'black', 'nissan', 'rogue', '2020', '', 'gasoline', 'other', 'suv', '4', 'awd', 'black')",0,1
"('nissan', 'rogue sv sport utility 4d', '2020', '3269', 'other', 'other', 'hatchback', '', '', 'black', 'nissan', 'rogue', '2020', '', 'gasoline', 'other', 'suv', '4', 'awd', 'black')",0,1
"('ford', 'escape s sport utility 4d', '2020', '863', 'gasoline', 'other', 'other', '', 'fwd', 'white', 'ford', 'escape', '2020', '0', 'gasoline', 'automatic', 'suv', '3', 'fwd', 'white')",0,1
"('ford', 'escape s sport utility 4d', '2020', '863', 'gasoline', 'other', 'other', '', 'fwd', 'white', 'ford', 'escape', '2020', '0', 'gasoline', 'automatic', 'suv', '3', 'fwd', 'white')",0,1
"('ford', 'escape s sport utility 4d', '2020', '863', 'gasoline', 'other', 'other', '', 'fwd', 'white', 'ford', 'escape', '2020', '0', 'gasoline', 'automatic', 'suv', '3', 'fwd', 'white')",0,1
"('ford', 'escape s sport utility 4d', '2020', '863', 'gasoline', 'other', 'other', '', 'fwd', 'white', 'ford', 'escape', '2020', '0', 'gasoline', 'automatic', 'suv', '3', 'fwd', 'white')",0,1
"('ford', 'escape s sport utility 4d', '2020', '863', 'gasoline', 'other', 'other', '', 'fwd', 'white', 'ford', 'escape', '2020', '0', 'gasoline', 'automatic', 'suv', '3', 'fwd', 'white')",0,1
"('ford', 'escape s sport utility 4d', '2020', '863', 'gasoline', 'other', 'other', '', 'fwd', 'white', 'ford', 'escape', '2020', '0', 'gasoline', 'automatic', 'suv', '3', 'fwd', 'white')",0,1
"('ford', 'escape s sport utility 4d', '2020', '863', 'gasoline', 'other', 'other', '', 'fwd', 'white', 'ford', 'escape', '2020', '0', 'gasoline', 'automatic', 'suv', '3', 'fwd', 'white')",0,1
"('ford', 'escape s sport utility 4d', '2020', '863', 'gasoline', 'other', 'other', '', 'fwd', 'white', 'ford', 'escape', '2020', '0', 'gasoline', 'automatic', 'suv', '3', 'fwd', 'white')",0,1
"('ford', 'escape s sport utility 4d', '2020', '863', 'gasoline', 'other', 'other', '', 'fwd', 'white', 'ford', 'escape', '2020', '0', 'gasoline', 'automatic', 'suv', '3', 'fwd', 'white')",0,1
"('ford', 'escape s sport utility 4d', '2020', '863', 'gasoline', 'other', 'other', '', 'fwd', 'white', 'ford', 'escape', '2020', '0', 'gasoline', 'automatic', 'suv', '3', 'fwd', 'white')",0,1
"('ford', 'escape s sport utility 4d', '2020', '863', 'gasoline', 'other', 'other', '', 'fwd', 'white', 'ford', 'escape', '2020', '0', 'gasoline', 'automatic', 'suv', '3', 'fwd', 'white')",0,1
"('ford', 'escape s sport utility 4d', '2020', '863', 'gasoline', 'other', 'other', '', 'fwd', 'white', 'ford', 'escape', '2020', '0', 'gasoline', 'automatic', 'suv', '3', 'fwd', 'white')",0,1
"('ford', 'escape s sport utility 4d', '2020', '863', 'gasoline', 'other', 'other', '', 'fwd', 'white', 'ford', 'escape', '2020', '0', 'gasoline', 'automatic', 'suv', '3', 'fwd', 'white')",0,1
"('ford', 'escape s sport utility 4d', '2020', '863', 'gasoline', 'other', 'other', '', 'fwd', 'white', 'ford', 'escape', '2020', '0', 'gasoline', 'automatic', 'suv', '3', 'fwd', 'white')",0,1
"('ford', 'escape s sport utility 4d', '2020', '863', 'gasoline', 'other', 'other', '', 'fwd', 'white', 'ford', 'escape', '2020', '0', 'gasoline', 'automatic', 'suv', '3', 'fwd', 'white')",0,1
"('ford', 'escape s sport utility 4d', '2020', '863', 'gasoline', 'other', 'other', '', 'fwd', 'white', 'ford', 'escape', '2020', '0', 'gasoline', 'automatic', 'suv', '3', 'fwd', 'white')",0,1
"('ford', 'escape s sport utility 4d', '2020', '863', 'gasoline', 'other', 'other', '', 'fwd', 'white', 'ford', 'escape', '2020', '0', 'gasoline', 'automatic', 'suv', '3', 'fwd', 'white')",0,1
"('ford', 'escape s sport utility 4d', '2020', '863', 'gasoline', 'other', 'other', '', 'fwd', 'white', 'ford', 'escape', '2020', '0', 'gasoline', 'automatic', 'suv', '3', 'fwd', 'white')",0,1
"('ford', 'escape s sport utility 4d', '2020', '863', 'gasoline', 'other', 'other', '', 'fwd', 'white', 'ford', 'escape', '2020', '0', 'gasoline', 'automatic', 'suv', '3', 'fwd', 'white')",0,1
"('ford', 'escape s sport utility 4d', '2020', '863', 'gasoline', 'other', 'other', '', 'fwd', 'white', 'ford', 'escape', '2020', '0', 'gasoline', 'automatic', 'suv', '3', 'fwd', 'white')",0,1
"('ford', 'escape s sport utility 4d', '2020', '863', 'gasoline', 'other', 'other', '', 'fwd', 'white', 'ford', 'escape', '2020', '0', 'gasoline', 'automatic', 'suv', '3', 'fwd', 'white')",0,1
"('acura', 'ilx', '2020', '4468', 'gasoline', 'automatic', '', '', '', 'silver', 'acura', 'ilx', '2020', '10', 'gasoline', 'automatic', 'sedan', '4', 'fwd', 'silver')",1,1
"('nissan', 'rogue', '2010', '107769', 'gasoline', 'automatic', 'suv', '4', '4wd', 'black', 'nissan', 'rogue', '2010', '107516', 'gasoline', 'other', 'suv', '4', 'awd', 'black')",1,1
"('hyundai', 'venue se sport utility', '2020', '953', 'gasoline', 'other', 'hatchback', '', 'fwd', 'black', 'hyundai', 'venue', '2020', '0', 'gasoline', 'automatic', 'suv', '4', 'fwd', 'black')",0,1
"('hyundai', 'venue se sport utility', '2020', '953', 'gasoline', 'other', 'hatchback', '', 'fwd', 'black', 'hyundai', 'venue', '2020', '0', 'gasoline', 'automatic', 'suv', '4', 'fwd', 'black')",0,1
"('hyundai', 'venue se sport utility', '2020', '953', 'gasoline', 'other', 'hatchback', '', 'fwd', 'black', 'hyundai', 'venue', '2020', '0', 'gasoline', 'automatic', 'suv', '4', 'fwd', 'black')",0,1
"('hyundai', 'venue se sport utility', '2020', '953', 'gasoline', 'other', 'hatchback', '', 'fwd', 'black', 'hyundai', 'venue', '2020', '0', 'gasoline', 'automatic', 'suv', '4', 'fwd', 'black')",0,1
"('hyundai', 'venue se sport utility', '2020', '953', 'gasoline', 'other', 'hatchback', '', 'fwd', 'black', 'hyundai', 'venue', '2020', '0', 'gasoline', 'automatic', 'suv', '4', 'fwd', 'black')",0,1
"('hyundai', 'venue se sport utility', '2020', '953', 'gasoline', 'other', 'hatchback', '', 'fwd', 'black', 'hyundai', 'venue', '2020', '0', 'gasoline', 'automatic', 'suv', '4', 'fwd', 'black')",0,1
"('hyundai', 'venue se sport utility', '2020', '953', 'gasoline', 'other', 'hatchback', '', 'fwd', 'black', 'hyundai', 'venue', '2020', '0', 'gasoline', 'automatic', 'suv', '4', 'fwd', 'black')",0,1
"('toyota', 'corolla', '2004', '65093', 'gasoline', 'automatic', 'sedan', '', 'fwd', '', 'toyota', 'corolla', '2004', '65093', 'gasoline', '', 'sedan', '4', 'fwd', 'grey')",1,1
"('pontiac', 'firebird formula', '1993', '59063', 'gasoline', 'automatic', 'hatchback', '8', 'rwd', 'red', 'pontiac', 'firebird', '1993', '59063', 'gasoline', 'automatic', 'coupe', '8', 'rwd', 'red')",1,1
"('dodge', 'grand caravan', '2013', '55054', 'gasoline', 'automatic', 'van', '6', 'fwd', 'blue', 'dodge', 'grand caravan', '2013', '55054', 'gasoline', 'automatic', 'minivan', '6', 'fwd', 'blue')",1,1
"('gmc', 'sierra 1500', '2020', '18717', 'gasoline', 'automatic', 'truck', '8', '4wd', 'white', 'gmc', 'sierra 1500', '2020', '6', 'gasoline', 'automatic', 'pickup', '8', '4wd', 'white')",1,1
"('gmc', 'sierra 1500', '2020', '18717', 'gasoline', 'automatic', 'truck', '8', '4wd', 'white', 'gmc', 'sierra 1500', '2020', '6', 'gasoline', 'automatic', 'pickup', '8', '4wd', 'white')",1,1
"('gmc', 'sierra 1500', '2020', '18717', 'gasoline', 'automatic', 'truck', '8', '4wd', 'white', 'gmc', 'sierra 1500', '2020', '6', 'gasoline', 'automatic', 'pickup', '8', '4wd', 'white')",1,1
"('gmc', 'sierra 1500', '2020', '18717', 'gasoline', 'automatic', 'truck', '8', '4wd', 'white', 'gmc', 'sierra 1500', '2020', '6', 'gasoline', 'automatic', 'pickup', '8', '4wd', 'white')",1,1
"('toyota', 'camry', '2006', '144567', 'gasoline', 'automatic', 'sedan', '4', 'fwd', 'silver', 'toyota', 'camry', '2006', '144567', 'gasoline', 'automatic', 'sedan', '4', 'fwd', 'silver')",1,1
"('toyota', 'avalon', '2000', '163922', 'gasoline', 'automatic', 'sedan', '6', 'fwd', 'silver', 'toyota', 'avalon', '2000', '163922', 'gasoline', 'automatic', 'sedan', '6', 'fwd', 'silver')",1,1
"('ford', 'fusion hybrid', '2019', '43979', 'gasoline', 'automatic', 'sedan', '4', 'fwd', 'silver', 'ford', 'fusion hybrid', '2019', '43979', 'hybrid', 'automatic', 'sedan', '4', 'fwd', 'silver')",1,1
"('honda', 'accord', '2007', '133241', 'gasoline', 'automatic', 'sedan', '4', 'fwd', 'white', 'honda', 'accord', '2007', '133241', 'gasoline', 'automatic', 'sedan', '4', 'fwd', 'white')",1,1
"('toyota', 'sienna', '2005', '184058', 'gasoline', 'automatic', 'minivan', '6', 'fwd', 'grey', 'toyota', 'sienna', '2005', '184058', 'gasoline', 'automatic', 'minivan', '6', 'fwd', 'grey')",1,1
"('dodge', 'durango', '2007', '110662', 'gasoline', 'automatic', 'suv', '', '4wd', 'silver', 'dodge', 'durango', '2007', '110662', 'gasoline', 'automatic', 'suv', '8', '4wd', 'silver')",1,1
"('ford', 'econoline cargo van', '2002', '281156', 'gasoline', 'automatic', 'van', '6', 'rwd', 'white', 'ford', 'e-series', '2002', '271822', 'gasoline', 'automatic', 'van', '6', 'rwd', 'white')",0,1
"('bmw', '3 series', '2015', '62937', 'gasoline', 'automatic', 'hatchback', '6', '4wd', 'silver', 'bmw', '3 series gran turismo', '2015', '60361', 'gasoline', 'automatic', 'wagon', '6', 'awd', 'silver')",1,1
"('audi', 'q7', '2017', '40534', 'gasoline', 'automatic', 'suv', '6', '', 'black', 'audi', 'q7', '2017', '35104', 'gasoline', 'automatic', 'suv', '6', 'awd', 'black')",1,1
"('kia', 'soul wagon 4d', '2016', '12508', 'gasoline', 'other', 'wagon', '', 'fwd', 'silver', 'kia', 'soul', '2016', '11276', 'gasoline', 'automatic', 'wagon', '4', 'fwd', 'silver')",1,1
"('subaru', 'impreza 2.0i sport premiu', '2016', '47700', 'gasoline', 'automatic', 'hatchback', '4', '4wd', 'blue', 'subaru', 'impreza', '2016', '47696', 'gasoline', 'other', 'hatchback', '4', 'awd', 'blue')",1,1
"('gmc', 'terrain', '2017', '44294', 'gasoline', 'other', 'suv', '6', '4wd', 'white', 'gmc', 'terrain', '2017', '43918', 'gasoline', 'automatic', 'suv', '6', 'awd', 'white')",1,1
"('chevrolet', 'equinox', '2011', '121205', 'gasoline', 'automatic', 'suv', '', 'fwd', 'red', 'chevrolet', 'equinox', '2011', '121205', 'gasoline', 'automatic', 'suv', '4', 'fwd', 'red')",1,1
"('chevrolet', 'silverado', '2009', '129183', 'gasoline', 'automatic', 'pickup', '', '4wd', 'blue', 'chevrolet', 'silverado 1500', '2009', '129183', 'gasoline', 'automatic', 'pickup', '8', '4wd', 'blue')",1,1
"('ram', '', '2012', '165007', 'gasoline', 'automatic', 'pickup', '', '4wd', 'silver', 'ram', '1500', '2012', '165007', 'gasoline', 'automatic', 'pickup', '8', '4wd', 'silver')",0,1
"('gmc', 'terrain', '2011', '129324', 'gasoline', 'automatic', 'suv', '', 'fwd', '', 'gmc', 'terrain', '2011', '129111', 'gasoline', 'automatic', 'suv', '4', 'fwd', 'grey')",1,1
"('honda', 'odyssey', '2009', '174202', 'gasoline', 'automatic', 'minivan', '', '', 'silver', 'honda', 'odyssey', '2009', '174202', 'gasoline', 'automatic', 'minivan', '6', 'fwd', 'silver')",1,1
"('ford', 'taurus', '2012', '131904', 'gasoline', 'automatic', 'sedan', '', 'fwd', 'blue', 'ford', 'taurus', '2012', '131960', 'gasoline', 'automatic', 'sedan', '6', 'fwd', 'blue')",1,1
"('pontiac', 'g6', '2008', '139594', 'gasoline', 'automatic', 'sedan', '', '', '', 'pontiac', 'g6', '2008', '139594', '', 'automatic', 'sedan', '', '', 'grey')",1,1
"('jeep', 'renegade sport suv 4d', '2020', '6671', 'gasoline', 'other', 'suv', '', '4wd', 'black', 'jeep', 'renegade', '2020', '2', 'gasoline', 'automatic', 'suv', '4', '4wd', 'black')",1,1
"('jeep', 'renegade sport suv 4d', '2020', '6671', 'gasoline', 'other', 'suv', '', '4wd', 'black', 'jeep', 'renegade', '2020', '2', 'gasoline', 'automatic', 'suv', '4', '4wd', 'black')",1,1
"('jeep', 'renegade sport suv 4d', '2020', '6671', 'gasoline', 'other', 'suv', '', '4wd', 'black', 'jeep', 'renegade', '2020', '2', 'gasoline', 'automatic', 'suv', '4', '4wd', 'black')",1,1
"('bmw', 'x5 35i premium', '2012', '78604', 'gasoline', 'automatic', 'suv', '6', '4wd', '', 'bmw', 'x5', '2012', '78357', 'gasoline', 'automatic', 'suv', '6', 'awd', 'brown')",1,1
"('jaguar', 'f-pace', '2019', '27110', 'gasoline', 'automatic', 'suv', '', '', 'black', 'jaguar', 'f-pace', '2019', '21160', 'gasoline', 'automatic', 'suv', '6', 'awd', 'black')",1,1
"('ford', 'fusion', '2020', '5228', 'gasoline', 'automatic', 'sedan', '4', 'fwd', 'red', 'ford', 'fusion', '2020', '8', 'gasoline', 'automatic', 'sedan', '4', 'fwd', 'red')",1,1
"('ford', 'fusion', '2020', '5228', 'gasoline', 'automatic', 'sedan', '4', 'fwd', 'red', 'ford', 'fusion', '2020', '8', 'gasoline', 'automatic', 'sedan', '4', 'fwd', 'red')",1,1
"('ram', '1500 sport crew cab lwb 4wd', '2014', '86325', '', 'automatic', 'pickup', '', '4wd', '', 'ram', '1500', '2014', '85876', 'gasoline', 'automatic', 'pickup', '8', '4wd', 'black')",0,1
"('chevrolet', 'blazer lt', '2020', '11960', 'gasoline', 'automatic', 'other', '6', '', 'blue', 'chevrolet', 'blazer', '2020', '', 'gasoline', 'automatic', 'suv', '6', 'awd', 'blue')",1,1
"('chevrolet', 'malibu rs', '2020', '5047', 'gasoline', 'automatic', 'sedan', '', '', 'silver', 'chevrolet', 'malibu', '2020', '', 'gasoline', 'other', 'sedan', '4', 'fwd', 'silver')",1,1
"('chevrolet', 'malibu rs', '2020', '5047', 'gasoline', 'automatic', 'sedan', '', '', 'silver', 'chevrolet', 'malibu', '2020', '', 'gasoline', 'other', 'sedan', '4', 'fwd', 'silver')",1,1
"('chevrolet', 'malibu rs', '2020', '5047', 'gasoline', 'automatic', 'sedan', '', '', 'silver', 'chevrolet', 'malibu', '2020', '', 'gasoline', 'other', 'sedan', '4', 'fwd', 'silver')",1,1
"('chevrolet', 'malibu rs', '2020', '5047', 'gasoline', 'automatic', 'sedan', '', '', 'silver', 'chevrolet', 'malibu', '2020', '', 'gasoline', 'other', 'sedan', '4', 'fwd', 'silver')",1,1
"('chevrolet', 'malibu rs', '2020', '5047', 'gasoline', 'automatic', 'sedan', '', '', 'silver', 'chevrolet', 'malibu', '2020', '', 'gasoline', 'other', 'sedan', '4', 'fwd', 'silver')",1,1
"('chevrolet', 'malibu rs', '2020', '5047', 'gasoline', 'automatic', 'sedan', '', '', 'silver', 'chevrolet', 'malibu', '2020', '', 'gasoline', 'other', 'sedan', '4', 'fwd', 'silver')",1,1
"('chevrolet', 'malibu rs', '2020', '5047', 'gasoline', 'automatic', 'sedan', '', '', 'silver', 'chevrolet', 'malibu', '2020', '', 'gasoline', 'other', 'sedan', '4', 'fwd', 'silver')",1,1
"('chevrolet', 'malibu rs', '2020', '5047', 'gasoline', 'automatic', 'sedan', '', '', 'silver', 'chevrolet', 'malibu', '2020', '', 'gasoline', 'other', 'sedan', '4', 'fwd', 'silver')",1,1
"('chevrolet', 'malibu rs', '2020', '5047', 'gasoline', 'automatic', 'sedan', '', '', 'silver', 'chevrolet', 'malibu', '2020', '', 'gasoline', 'other', 'sedan', '4', 'fwd', 'silver')",1,1
"('chevrolet', 'malibu rs', '2020', '5047', 'gasoline', 'automatic', 'sedan', '', '', 'silver', 'chevrolet', 'malibu', '2020', '', 'gasoline', 'other', 'sedan', '4', 'fwd', 'silver')",1,1
"('chevrolet', 'malibu rs', '2020', '5047', 'gasoline', 'automatic', 'sedan', '', '', 'silver', 'chevrolet', 'malibu', '2020', '', 'gasoline', 'other', 'sedan', '4', 'fwd', 'silver')",1,1
"('chevrolet', 'malibu rs', '2020', '5047', 'gasoline', 'automatic', 'sedan', '', '', 'silver', 'chevrolet', 'malibu', '2020', '', 'gasoline', 'other', 'sedan', '4', 'fwd', 'silver')",1,1
"('chevrolet', 'malibu rs', '2020', '5047', 'gasoline', 'automatic', 'sedan', '', '', 'silver', 'chevrolet', 'malibu', '2020', '', 'gasoline', 'other', 'sedan', '4', 'fwd', 'silver')",1,1
"('chevrolet', 'malibu rs', '2020', '5047', 'gasoline', 'automatic', 'sedan', '', '', 'silver', 'chevrolet', 'malibu', '2020', '', 'gasoline', 'other', 'sedan', '4', 'fwd', 'silver')",1,1
"('chevrolet', 'malibu rs', '2020', '5047', 'gasoline', 'automatic', 'sedan', '', '', 'silver', 'chevrolet', 'malibu', '2020', '', 'gasoline', 'other', 'sedan', '4', 'fwd', 'silver')",1,1
"('dodge', 'journey se value sport', '2020', '1844', 'gasoline', 'other', 'other', '', 'fwd', 'red', 'dodge', 'journey', '2020', '1', 'gasoline', 'automatic', 'suv', '4', 'fwd', 'red')",0,1
"('dodge', 'journey se value sport', '2020', '1844', 'gasoline', 'other', 'other', '', 'fwd', 'red', 'dodge', 'journey', '2020', '1', 'gasoline', 'automatic', 'suv', '4', 'fwd', 'red')",0,1
"('dodge', 'journey se value sport', '2020', '1844', 'gasoline', 'other', 'other', '', 'fwd', 'red', 'dodge', 'journey', '2020', '1', 'gasoline', 'automatic', 'suv', '4', 'fwd', 'red')",0,1
"('dodge', 'journey se value sport', '2020', '1844', 'gasoline', 'other', 'other', '', 'fwd', 'red', 'dodge', 'journey', '2020', '1', 'gasoline', 'automatic', 'suv', '4', 'fwd', 'red')",0,1
"('chevrolet', 'silverado 1500 4wd dou', '2020', '5579', 'other', 'other', 'other', '8', '', '', 'chevrolet', 'silverado 1500', '2020', '10', 'gasoline', 'automatic', 'pickup', '8', '4wd', 'black')",1,1
"('chevrolet', 'silverado 1500 4wd dou', '2020', '5579', 'other', 'other', 'other', '8', '', '', 'chevrolet', 'silverado 1500', '2020', '10', 'gasoline', 'automatic', 'pickup', '8', '4wd', 'black')",1,1
"('chevrolet', 'silverado 1500 4wd dou', '2020', '5579', 'other', 'other', 'other', '8', '', '', 'chevrolet', 'silverado 1500', '2020', '10', 'gasoline', 'automatic', 'pickup', '8', '4wd', 'black')",1,1
"('chevrolet', 'silverado 1500 4wd dou', '2020', '5579', 'other', 'other', 'other', '8', '', '', 'chevrolet', 'silverado 1500', '2020', '10', 'gasoline', 'automatic', 'pickup', '8', '4wd', 'black')",1,1
"('chevrolet', 'silverado 1500 4wd dou', '2020', '5579', 'other', 'other', 'other', '8', '', '', 'chevrolet', 'silverado 1500', '2020', '10', 'gasoline', 'automatic', 'pickup', '8', '4wd', 'black')",1,1
"('chevrolet', 'silverado 1500 4wd dou', '2020', '5579', 'other', 'other', 'other', '8', '', '', 'chevrolet', 'silverado 1500', '2020', '10', 'gasoline', 'automatic', 'pickup', '8', '4wd', 'black')",1,1
"('chevrolet', 'silverado 1500 4wd dou', '2020', '5579', 'other', 'other', 'other', '8', '', '', 'chevrolet', 'silverado 1500', '2020', '10', 'gasoline', 'automatic', 'pickup', '8', '4wd', 'black')",1,1
"('chevrolet', 'silverado 1500 4wd dou', '2020', '5579', 'other', 'other', 'other', '8', '', '', 'chevrolet', 'silverado 1500', '2020', '10', 'gasoline', 'automatic', 'pickup', '8', '4wd', 'black')",1,1
"('chevrolet', 'silverado 1500 4wd dou', '2020', '5579', 'other', 'other', 'other', '8', '', '', 'chevrolet', 'silverado 1500', '2020', '10', 'gasoline', 'automatic', 'pickup', '8', '4wd', 'black')",1,1
"('chevrolet', 'silverado 1500 4wd dou', '2020', '5579', 'other', 'other', 'other', '8', '', '', 'chevrolet', 'silverado 1500', '2020', '10', 'gasoline', 'automatic', 'pickup', '8', '4wd', 'black')",1,1
"('chevrolet', 'silverado 1500 4wd dou', '2020', '5579', 'other', 'other', 'other', '8', '', '', 'chevrolet', 'silverado 1500', '2020', '10', 'gasoline', 'automatic', 'pickup', '8', '4wd', 'black')",1,1
"('chevrolet', 'silverado 1500 4wd dou', '2020', '5579', 'other', 'other', 'other', '8', '', '', 'chevrolet', 'silverado 1500', '2020', '10', 'gasoline', 'automatic', 'pickup', '8', '4wd', 'black')",1,1
"('chevrolet', 'silverado 1500 4wd dou', '2020', '5579', 'other', 'other', 'other', '8', '', '', 'chevrolet', 'silverado 1500', '2020', '10', 'gasoline', 'automatic', 'pickup', '8', '4wd', 'black')",1,1
"('chevrolet', 'silverado 1500 4wd dou', '2020', '5579', 'other', 'other', 'other', '8', '', '', 'chevrolet', 'silverado 1500', '2020', '10', 'gasoline', 'automatic', 'pickup', '8', '4wd', 'black')",1,1
"('chevrolet', 'silverado 1500 4wd dou', '2020', '5579', 'other', 'other', 'other', '8', '', '', 'chevrolet', 'silverado 1500', '2020', '10', 'gasoline', 'automatic', 'pickup', '8', '4wd', 'black')",1,1
"('chevrolet', 'silverado 1500 4wd dou', '2020', '5579', 'other', 'other', 'other', '8', '', '', 'chevrolet', 'silverado 1500', '2020', '10', 'gasoline', 'automatic', 'pickup', '8', '4wd', 'black')",1,1
"('chevrolet', 'silverado 1500 4wd dou', '2020', '5579', 'other', 'other', 'other', '8', '', '', 'chevrolet', 'silverado 1500', '2020', '10', 'gasoline', 'automatic', 'pickup', '8', '4wd', 'black')",1,1
"('chevrolet', 'silverado 1500 4wd dou', '2020', '5579', 'other', 'other', 'other', '8', '', '', 'chevrolet', 'silverado 1500', '2020', '10', 'gasoline', 'automatic', 'pickup', '8', '4wd', 'black')",1,1
"('chevrolet', 'silverado 1500 4wd dou', '2020', '5579', 'other', 'other', 'other', '8', '', '', 'chevrolet', 'silverado 1500', '2020', '10', 'gasoline', 'automatic', 'pickup', '8', '4wd', 'black')",1,1
"('chevrolet', 'silverado 1500 4wd dou', '2020', '5579', 'other', 'other', 'other', '8', '', '', 'chevrolet', 'silverado 1500', '2020', '10', 'gasoline', 'automatic', 'pickup', '8', '4wd', 'black')",1,1
"('chevrolet', 'silverado 1500 4wd dou', '2020', '5579', 'other', 'other', 'other', '8', '', '', 'chevrolet', 'silverado 1500', '2020', '10', 'gasoline', 'automatic', 'pickup', '8', '4wd', 'black')",1,1
"('chevrolet', 'silverado 1500 4wd dou', '2020', '5579', 'other', 'other', 'other', '8', '', '', 'chevrolet', 'silverado 1500', '2020', '10', 'gasoline', 'automatic', 'pickup', '8', '4wd', 'black')",1,1
"('chevrolet', 'silverado 1500 4wd dou', '2020', '5579', 'other', 'other', 'other', '8', '', '', 'chevrolet', 'silverado 1500', '2020', '10', 'gasoline', 'automatic', 'pickup', '8', '4wd', 'black')",1,1
"('chevrolet', 'silverado 1500 4wd dou', '2020', '5579', 'other', 'other', 'other', '8', '', '', 'chevrolet', 'silverado 1500', '2020', '10', 'gasoline', 'automatic', 'pickup', '8', '4wd', 'black')",1,1
"('nissan', 'rogue sv sport utility 4d', '2020', '3269', 'other', 'other', 'hatchback', '', '', 'black', 'nissan', 'rogue', '2020', '', 'gasoline', 'other', 'suv', '4', 'awd', 'black')",0,1
"('nissan', 'rogue sv sport utility 4d', '2020', '3269', 'other', 'other', 'hatchback', '', '', 'black', 'nissan', 'rogue', '2020', '', 'gasoline', 'other', 'suv', '4', 'awd', 'black')",0,1
"('nissan', 'rogue sv sport utility 4d', '2020', '3269', 'other', 'other', 'hatchback', '', '', 'black', 'nissan', 'rogue', '2020', '', 'gasoline', 'other', 'suv', '4', 'awd', 'black')",0,1
"('nissan', 'rogue sv sport utility 4d', '2020', '3269', 'other', 'other', 'hatchback', '', '', 'black', 'nissan', 'rogue', '2020', '', 'gasoline', 'other', 'suv', '4', 'awd', 'black')",0,1
"('nissan', 'rogue sv sport utility 4d', '2020', '3269', 'other', 'other', 'hatchback', '', '', 'black', 'nissan', 'rogue', '2020', '', 'gasoline', 'other', 'suv', '4', 'awd', 'black')",0,1
"('nissan', 'rogue sv sport utility 4d', '2020', '3269', 'other', 'other', 'hatchback', '', '', 'black', 'nissan', 'rogue', '2020', '', 'gasoline', 'other', 'suv', '4', 'awd', 'black')",0,1
"('nissan', 'rogue sv sport utility 4d', '2020', '3269', 'other', 'other', 'hatchback', '', '', 'black', 'nissan', 'rogue', '2020', '', 'gasoline', 'other', 'suv', '4', 'awd', 'black')",0,1
"('nissan', 'rogue sv sport utility 4d', '2020', '3269', 'other', 'other', 'hatchback', '', '', 'black', 'nissan', 'rogue', '2020', '', 'gasoline', 'other', 'suv', '4', 'awd', 'black')",0,1
"('nissan', 'rogue sv sport utility 4d', '2020', '3269', 'other', 'other', 'hatchback', '', '', 'black', 'nissan', 'rogue', '2020', '', 'gasoline', 'other', 'suv', '4', 'awd', 'black')",0,1
"('nissan', 'rogue sv sport utility 4d', '2020', '3269', 'other', 'other', 'hatchback', '', '', 'black', 'nissan', 'rogue', '2020', '', 'gasoline', 'other', 'suv', '4', 'awd', 'black')",0,1
"('nissan', 'rogue sv sport utility 4d', '2020', '3269', 'other', 'other', 'hatchback', '', '', 'black', 'nissan', 'rogue', '2020', '', 'gasoline', 'other', 'suv', '4', 'awd', 'black')",0,1
"('nissan', 'rogue sv sport utility 4d', '2020', '3269', 'other', 'other', 'hatchback', '', '', 'black', 'nissan', 'rogue', '2020', '', 'gasoline', 'other', 'suv', '4', 'awd', 'black')",0,1
"('nissan', 'rogue sv sport utility 4d', '2020', '3269', 'other', 'other', 'hatchback', '', '', 'black', 'nissan', 'rogue', '2020', '', 'gasoline', 'other', 'suv', '4', 'awd', 'black')",0,1
"('nissan', 'rogue sv sport utility 4d', '2020', '3269', 'other', 'other', 'hatchback', '', '', 'black', 'nissan', 'rogue', '2020', '', 'gasoline', 'other', 'suv', '4', 'awd', 'black')",0,1
"('nissan', 'rogue sv sport utility 4d', '2020', '3269', 'other', 'other', 'hatchback', '', '', 'black', 'nissan', 'rogue', '2020', '', 'gasoline', 'other', 'suv', '4', 'awd', 'black')",0,1
"('nissan', 'rogue sv sport utility 4d', '2020', '3269', 'other', 'other', 'hatchback', '', '', 'black', 'nissan', 'rogue', '2020', '', 'gasoline', 'other', 'suv', '4', 'awd', 'black')",0,1
"('nissan', 'rogue sv sport utility 4d', '2020', '3269', 'other', 'other', 'hatchback', '', '', 'black', 'nissan', 'rogue', '2020', '', 'gasoline', 'other', 'suv', '4', 'awd', 'black')",0,1
"('nissan', 'rogue sv sport utility 4d', '2020', '3269', 'other', 'other', 'hatchback', '', '', 'black', 'nissan', 'rogue', '2020', '', 'gasoline', 'other', 'suv', '4', 'awd', 'black')",0,1
"('nissan', 'rogue sv sport utility 4d', '2020', '3269', 'other', 'other', 'hatchback', '', '', 'black', 'nissan', 'rogue', '2020', '', 'gasoline', 'other', 'suv', '4', 'awd', 'black')",0,1
"('nissan', 'rogue sv sport utility 4d', '2020', '3269', 'other', 'other', 'hatchback', '', '', 'black', 'nissan', 'rogue', '2020', '', 'gasoline', 'other', 'suv', '4', 'awd', 'black')",0,1
"('nissan', 'rogue sv sport utility 4d', '2020', '3269', 'other', 'other', 'hatchback', '', '', 'black', 'nissan', 'rogue', '2020', '', 'gasoline', 'other', 'suv', '4', 'awd', 'black')",0,1
"('nissan', 'rogue sv sport utility 4d', '2020', '3269', 'other', 'other', 'hatchback', '', '', 'black', 'nissan', 'rogue', '2020', '', 'gasoline', 'other', 'suv', '4', 'awd', 'black')",0,1
"('nissan', 'rogue sv sport utility 4d', '2020', '3269', 'other', 'other', 'hatchback', '', '', 'black', 'nissan', 'rogue', '2020', '', 'gasoline', 'other', 'suv', '4', 'awd', 'black')",0,1
"('nissan', 'rogue sv sport utility 4d', '2020', '3269', 'other', 'other', 'hatchback', '', '', 'black', 'nissan', 'rogue', '2020', '', 'gasoline', 'other', 'suv', '4', 'awd', 'black')",0,1
"('nissan', 'rogue sv sport utility 4d', '2020', '3269', 'other', 'other', 'hatchback', '', '', 'black', 'nissan', 'rogue', '2020', '', 'gasoline', 'other', 'suv', '4', 'awd', 'black')",0,1
"('nissan', 'rogue sv sport utility 4d', '2020', '3269', 'other', 'other', 'hatchback', '', '', 'black', 'nissan', 'rogue', '2020', '', 'gasoline', 'other', 'suv', '4', 'awd', 'black')",0,1
"('nissan', 'rogue sv sport utility 4d', '2020', '3269', 'other', 'other', 'hatchback', '', '', 'black', 'nissan', 'rogue', '2020', '', 'gasoline', 'other', 'suv', '4', 'awd', 'black')",0,1
"('nissan', 'rogue sv sport utility 4d', '2020', '3269', 'other', 'other', 'hatchback', '', '', 'black', 'nissan', 'rogue', '2020', '', 'gasoline', 'other', 'suv', '4', 'awd', 'black')",0,1
"('nissan', 'rogue sv sport utility 4d', '2020', '3269', 'other', 'other', 'hatchback', '', '', 'black', 'nissan', 'rogue', '2020', '', 'gasoline', 'other', 'suv', '4', 'awd', 'black')",0,1
"('nissan', 'rogue sv sport utility 4d', '2020', '3269', 'other', 'other', 'hatchback', '', '', 'black', 'nissan', 'rogue', '2020', '', 'gasoline', 'other', 'suv', '4', 'awd', 'black')",0,1
"('ford', 'escape s sport utility 4d', '2020', '863', 'gasoline', 'other', 'other', '', 'fwd', 'white', 'ford', 'escape', '2020', '0', 'gasoline', 'automatic', 'suv', '3', 'fwd', 'white')",0,1
"('ford', 'escape s sport utility 4d', '2020', '863', 'gasoline', 'other', 'other', '', 'fwd', 'white', 'ford', 'escape', '2020', '0', 'gasoline', 'automatic', 'suv', '3', 'fwd', 'white')",0,1
"('ford', 'escape s sport utility 4d', '2020', '863', 'gasoline', 'other', 'other', '', 'fwd', 'white', 'ford', 'escape', '2020', '0', 'gasoline', 'automatic', 'suv', '3', 'fwd', 'white')",0,1
"('ford', 'escape s sport utility 4d', '2020', '863', 'gasoline', 'other', 'other', '', 'fwd', 'white', 'ford', 'escape', '2020', '0', 'gasoline', 'automatic', 'suv', '3', 'fwd', 'white')",0,1
"('acura', 'ilx', '2020', '4468', 'gasoline', 'automatic', '', '', '', 'silver', 'acura', 'ilx', '2020', '10', 'gasoline', 'automatic', 'sedan', '4', 'fwd', 'silver')",1,1
"('jeep', 'cherokee', '2014', '129995', 'gasoline', 'automatic', 'suv', '4', '4wd', 'black', 'jeep', 'cherokee', '2014', '129995', 'gasoline', 'automatic', 'suv', '4', '4wd', 'black')",1,1
"('ford', 'escape', '2013', '129554', 'gasoline', 'automatic', 'suv', '', '4wd', '', 'ford', 'taurus', '2013', '97160', 'gasoline', 'automatic', 'sedan', '6', 'fwd', 'grey')",0,0
"('subaru', 'impreza', '2014', '74390', 'gasoline', 'manual', 'wagon', '', '', 'purple', 'subaru', 'impreza wrx', '2014', '74390', 'gasoline', 'manual', 'hatchback', '4', 'awd', 'purple')",1,1
"('pontiac', 'g8', '2008', '100743', 'gasoline', 'automatic', 'sedan', '6', 'rwd', 'grey', 'pontiac', 'g8', '2008', '99830', 'gasoline', 'automatic', 'sedan', '6', 'rwd', 'grey')",1,1
"('lincoln', 'nautilus reserve', '2019', '28952', 'gasoline', 'automatic', 'hatchback', '', '', '', 'lincoln', 'nautilus', '2019', '28948', 'gasoline', 'automatic', 'suv', '4', 'awd', 'burgundy')",1,1
"('chevrolet', 'malibu', '2011', '153124', 'gasoline', 'automatic', 'sedan', '', 'fwd', 'brown', 'chevrolet', 'malibu', '2011', '153124', 'gasoline', 'automatic', 'sedan', '4', 'fwd', 'brown')",1,1
"('gmc', 'sierra 1500 denali', '2020', '1963', 'diesel', 'automatic', 'pickup', '', '', 'blue', 'gmc', 'sierra 1500', '2020', '2', 'diesel', 'automatic', 'pickup', '6', '4wd', 'blue')",1,1
"('gmc', 'sierra 1500 denali', '2020', '1963', 'diesel', 'automatic', 'pickup', '', '', 'blue', 'gmc', 'sierra 1500', '2020', '2', 'diesel', 'automatic', 'pickup', '6', '4wd', 'blue')",1,1
